run_id,case_name,region_name,window_start_local,window_end_local,window_start_utc,window_end_utc,window_duration_hours,forecasted_grid_emissions_gco2_per_kwh,forecasted_electricity_price_usd_per_kwh,projected_electricity_cost_usd,projected_carbon_cost_usd,projected_total_cost_usd,projected_emissions_total,meets_deadline,meets_latency_requirement,meets_policy_constraints,balanced_score,window_rank,selected_window
util-20260322T181903Z-4a24a878,Carbon Optimization - CAISO_SANBERNARDINO,CAISO_SANBERNARDINO,2026-03-22 11:15:00 PDT,2026-03-22 19:10:00 PDT,2026-03-22 18:15:00 UTC,2026-03-23 02:10:00 UTC,8.0,154.29999999999998,0.019887051875000002,0.0477289245,0.0,0.0477289245,0.37032,True,True,True,0.0,1,False
util-20260322T181903Z-4a24a878,Carbon Optimization - CAISO_SANBERNARDINO,CAISO_SANBERNARDINO,2026-03-22 11:20:00 PDT,2026-03-22 19:15:00 PDT,2026-03-22 18:20:00 UTC,2026-03-23 02:15:00 UTC,8.0,164.57604166666667,0.020540662083333334,0.049297588999999996,0.0,0.049297588999999996,0.39498249999999996,True,True,True,0.012304656561007508,2,False
util-20260322T181903Z-4a24a878,Carbon Optimization - CAISO_SANBERNARDINO,CAISO_SANBERNARDINO,2026-03-22 11:25:00 PDT,2026-03-22 19:20:00 PDT,2026-03-22 18:25:00 UTC,2026-03-23 02:20:00 UTC,8.0,174.85208333333333,0.021194272291666667,0.05086625349999999,0.0,0.05086625349999999,0.419645,True,True,True,0.024609313122015045,3,False
util-20260322T181903Z-4a24a878,Carbon Optimization - CAISO_SANBERNARDINO,CAISO_SANBERNARDINO,2026-03-22 11:30:00 PDT,2026-03-22 19:25:00 PDT,2026-03-22 18:30:00 UTC,2026-03-23 02:25:00 UTC,8.0,185.12812500000004,0.021847882500000002,0.052434918,0.0,0.052434918,0.44430749999999997,True,True,True,0.03691396968302255,4,False
util-20260322T181903Z-4a24a878,Carbon Optimization - CAISO_SANBERNARDINO,CAISO_SANBERNARDINO,2026-03-22 11:35:00 PDT,2026-03-22 19:30:00 PDT,2026-03-22 18:35:00 UTC,2026-03-23 02:30:00 UTC,8.0,195.4041666666667,0.022501492708333334,0.054003582499999994,0.0,0.054003582499999994,0.46897,True,True,True,0.04921862624403009,5,False
util-20260322T181903Z-4a24a878,Carbon Optimization - CAISO_SANBERNARDINO,CAISO_SANBERNARDINO,2026-03-22 11:40:00 PDT,2026-03-22 19:35:00 PDT,2026-03-22 18:40:00 UTC,2026-03-23 02:35:00 UTC,8.0,205.68020833333335,0.02315510291666667,0.05557224699999999,0.0,0.05557224699999999,0.4936324999999999,True,True,True,0.06152328280503758,6,False
util-20260322T181903Z-4a24a878,Carbon Optimization - CAISO_SANBERNARDINO,CAISO_SANBERNARDINO,2026-03-22 11:45:00 PDT,2026-03-22 19:40:00 PDT,2026-03-22 18:45:00 UTC,2026-03-23 02:40:00 UTC,8.0,215.95625000000004,0.023808713125000002,0.05714091149999999,0.0,0.05714091149999999,0.5182949999999998,True,True,True,0.07382793936604505,7,False
util-20260322T181903Z-4a24a878,Carbon Optimization - CAISO_SANBERNARDINO,CAISO_SANBERNARDINO,2026-03-22 11:50:00 PDT,2026-03-22 19:45:00 PDT,2026-03-22 18:50:00 UTC,2026-03-23 02:45:00 UTC,8.0,226.2322916666667,0.024462323333333338,0.05870957599999999,0.0,0.05870957599999999,0.5429575,True,True,True,0.08613259592705265,8,False
util-20260322T181903Z-4a24a878,Carbon Optimization - CAISO_SANBERNARDINO,CAISO_SANBERNARDINO,2026-03-22 11:55:00 PDT,2026-03-22 19:50:00 PDT,2026-03-22 18:55:00 UTC,2026-03-23 02:50:00 UTC,8.0,236.50833333333335,0.025115933541666666,0.06027824049999999,0.0,0.06027824049999999,0.5676199999999999,True,True,True,0.09843725248806012,9,False
util-20260322T181903Z-4a24a878,Carbon Optimization - CAISO_SANBERNARDINO,CAISO_SANBERNARDINO,2026-03-22 12:00:00 PDT,2026-03-22 19:55:00 PDT,2026-03-22 19:00:00 UTC,2026-03-23 02:55:00 UTC,8.0,246.78437500000004,0.025769543750000002,0.061846904999999994,0.0,0.061846904999999994,0.5922825,True,True,True,0.11074190904906772,10,False
util-20260322T181903Z-4a24a878,Carbon Optimization - CAISO_SANBERNARDINO,CAISO_SANBERNARDINO,2026-03-22 12:05:00 PDT,2026-03-22 20:00:00 PDT,2026-03-22 19:05:00 UTC,2026-03-23 03:00:00 UTC,8.0,257.0677083333333,0.02626680958333334,0.063040343,0.0,0.063040343,0.6169624999999999,True,True,True,0.12305529673992077,11,False
util-20260322T181903Z-4a24a878,Carbon Optimization - CAISO_SANBERNARDINO,CAISO_SANBERNARDINO,2026-03-22 12:10:00 PDT,2026-03-22 20:05:00 PDT,2026-03-22 19:10:00 UTC,2026-03-23 03:05:00 UTC,8.0,267.3510416666667,0.026764075416666668,0.06423378099999999,0.0,0.06423378099999999,0.6416424999999999,True,True,True,0.13536868443077393,12,False
util-20260322T181903Z-4a24a878,Carbon Optimization - CAISO_SANBERNARDINO,CAISO_SANBERNARDINO,2026-03-22 12:15:00 PDT,2026-03-22 20:10:00 PDT,2026-03-22 19:15:00 UTC,2026-03-23 03:10:00 UTC,8.0,277.63437500000003,0.02726134125,0.065427219,0.0,0.065427219,0.6663225,True,True,True,0.14768207212162715,13,False
util-20260322T181903Z-4a24a878,Carbon Optimization - CAISO_SANBERNARDINO,CAISO_SANBERNARDINO,2026-03-22 12:20:00 PDT,2026-03-22 20:15:00 PDT,2026-03-22 19:20:00 UTC,2026-03-23 03:15:00 UTC,8.0,287.91770833333334,0.02775860708333333,0.066620657,0.0,0.066620657,0.6910025,True,True,True,0.15999545981248026,14,False
util-20260322T181903Z-4a24a878,Carbon Optimization - CAISO_SANBERNARDINO,CAISO_SANBERNARDINO,2026-03-22 12:25:00 PDT,2026-03-22 20:20:00 PDT,2026-03-22 19:25:00 UTC,2026-03-23 03:20:00 UTC,8.0,298.2010416666667,0.028255872916666664,0.06781409499999999,0.0,0.06781409499999999,0.7156824999999999,True,True,True,0.17230884750333336,15,False
util-20260322T181903Z-4a24a878,Carbon Optimization - CAISO_SANBERNARDINO,CAISO_SANBERNARDINO,2026-03-22 12:30:00 PDT,2026-03-22 20:25:00 PDT,2026-03-22 19:30:00 UTC,2026-03-23 03:25:00 UTC,8.0,308.484375,0.02875313875,0.069007533,0.0,0.069007533,0.7403624999999999,True,True,True,0.18462223519418652,16,False
util-20260322T181903Z-4a24a878,Carbon Optimization - CAISO_SANBERNARDINO,CAISO_SANBERNARDINO,2026-03-22 12:35:00 PDT,2026-03-22 20:30:00 PDT,2026-03-22 19:35:00 UTC,2026-03-23 03:30:00 UTC,8.0,318.76770833333336,0.029250404583333334,0.070200971,0.0,0.070200971,0.7650425,True,True,True,0.19693562288503969,17,False
util-20260322T181903Z-4a24a878,Carbon Optimization - CAISO_SANBERNARDINO,CAISO_SANBERNARDINO,2026-03-22 12:40:00 PDT,2026-03-22 20:35:00 PDT,2026-03-22 19:40:00 UTC,2026-03-23 03:35:00 UTC,8.0,329.05104166666666,0.029747670416666667,0.07139440899999999,0.0,0.07139440899999999,0.7897224999999999,True,True,True,0.2092490105758928,18,False
util-20260322T181903Z-4a24a878,Carbon Optimization - CAISO_SANBERNARDINO,CAISO_SANBERNARDINO,2026-03-22 12:45:00 PDT,2026-03-22 20:40:00 PDT,2026-03-22 19:45:00 UTC,2026-03-23 03:40:00 UTC,8.0,339.33437499999997,0.030244936250000003,0.07258784699999998,0.0,0.07258784699999998,0.8144024999999999,True,True,True,0.22156239826674592,19,False
util-20260322T181903Z-4a24a878,Carbon Optimization - CAISO_SANBERNARDINO,CAISO_SANBERNARDINO,2026-03-22 12:50:00 PDT,2026-03-22 20:45:00 PDT,2026-03-22 19:50:00 UTC,2026-03-23 03:45:00 UTC,8.0,349.6177083333334,0.030742202083333333,0.07378128499999999,0.0,0.07378128499999999,0.8390825,True,True,True,0.23387578595759909,20,False
util-20260322T181903Z-4a24a878,Carbon Optimization - CAISO_SANBERNARDINO,CAISO_SANBERNARDINO,2026-03-22 12:55:00 PDT,2026-03-22 20:50:00 PDT,2026-03-22 19:55:00 UTC,2026-03-23 03:50:00 UTC,8.0,359.9010416666667,0.031239467916666666,0.074974723,0.0,0.074974723,0.8637624999999998,True,True,True,0.24618917364845214,21,False
util-20260322T181903Z-4a24a878,Carbon Optimization - CAISO_SANBERNARDINO,CAISO_SANBERNARDINO,2026-03-22 13:00:00 PDT,2026-03-22 20:55:00 PDT,2026-03-22 20:00:00 UTC,2026-03-23 03:55:00 UTC,8.0,370.184375,0.031736733749999996,0.07616816099999998,0.0,0.07616816099999998,0.8884424999999999,True,True,True,0.2585025613393054,22,False
util-20260322T181903Z-4a24a878,Carbon Optimization - CAISO_SANBERNARDINO,CAISO_SANBERNARDINO,2026-03-22 13:05:00 PDT,2026-03-22 21:00:00 PDT,2026-03-22 20:05:00 UTC,2026-03-23 04:00:00 UTC,8.0,380.5854166666666,0.03211025927083333,0.07706462224999999,0.0,0.07706462224999999,0.913405,True,True,True,0.27095689441195214,23,False
util-20260322T181903Z-4a24a878,Carbon Optimization - CAISO_SANBERNARDINO,CAISO_SANBERNARDINO,2026-03-22 13:10:00 PDT,2026-03-22 21:05:00 PDT,2026-03-22 20:10:00 UTC,2026-03-23 04:05:00 UTC,8.0,390.9864583333333,0.032483784791666664,0.07796108349999999,0.0,0.07796108349999999,0.9383674999999998,True,True,True,0.2834112274845988,24,False
util-20260322T181903Z-4a24a878,Carbon Optimization - CAISO_SANBERNARDINO,CAISO_SANBERNARDINO,2026-03-22 13:15:00 PDT,2026-03-22 21:10:00 PDT,2026-03-22 20:15:00 UTC,2026-03-23 04:10:00 UTC,8.0,401.3875,0.0328573103125,0.07885754474999998,0.0,0.07885754474999998,0.9633299999999999,True,True,True,0.29586556055724555,25,False
util-20260322T181903Z-4a24a878,Carbon Optimization - CAISO_SANBERNARDINO,CAISO_SANBERNARDINO,2026-03-22 13:20:00 PDT,2026-03-22 21:15:00 PDT,2026-03-22 20:20:00 UTC,2026-03-23 04:15:00 UTC,8.0,411.7885416666666,0.03323083583333333,0.07975400599999999,0.0,0.07975400599999999,0.9882924999999999,True,True,True,0.3083198936298923,26,False
util-20260322T181903Z-4a24a878,Carbon Optimization - CAISO_SANBERNARDINO,CAISO_SANBERNARDINO,2026-03-22 13:25:00 PDT,2026-03-22 21:20:00 PDT,2026-03-22 20:25:00 UTC,2026-03-23 04:20:00 UTC,8.0,422.1895833333333,0.03360436135416667,0.08065046725,0.0,0.08065046725,1.013255,True,True,True,0.32077422670253913,27,False
util-20260322T181903Z-4a24a878,Carbon Optimization - CAISO_SANBERNARDINO,CAISO_SANBERNARDINO,2026-03-22 13:30:00 PDT,2026-03-22 21:25:00 PDT,2026-03-22 20:30:00 UTC,2026-03-23 04:25:00 UTC,8.0,432.590625,0.033977886875,0.08154692849999999,0.0,0.08154692849999999,1.0382174999999998,True,True,True,0.33322855977518573,28,False
util-20260322T181903Z-4a24a878,Carbon Optimization - CAISO_SANBERNARDINO,CAISO_SANBERNARDINO,2026-03-22 13:35:00 PDT,2026-03-22 21:30:00 PDT,2026-03-22 20:35:00 UTC,2026-03-23 04:30:00 UTC,8.0,442.9916666666666,0.03435141239583333,0.08244338974999998,0.0,0.08244338974999998,1.0631799999999998,True,True,True,0.3456828928478325,29,False
util-20260322T181903Z-4a24a878,Carbon Optimization - CAISO_SANBERNARDINO,CAISO_SANBERNARDINO,2026-03-22 13:40:00 PDT,2026-03-22 21:35:00 PDT,2026-03-22 20:40:00 UTC,2026-03-23 04:35:00 UTC,8.0,453.3927083333333,0.034724937916666664,0.08333985099999999,0.0,0.08333985099999999,1.0881425,True,True,True,0.35813722592047936,30,False
util-20260322T181903Z-4a24a878,Carbon Optimization - CAISO_SANBERNARDINO,CAISO_SANBERNARDINO,2026-03-22 13:45:00 PDT,2026-03-22 21:40:00 PDT,2026-03-22 20:45:00 UTC,2026-03-23 04:40:00 UTC,8.0,463.79375,0.0350984634375,0.08423631224999999,0.0,0.08423631224999999,1.113105,True,True,True,0.37059155899312607,31,False
util-20260322T181903Z-4a24a878,Carbon Optimization - CAISO_SANBERNARDINO,CAISO_SANBERNARDINO,2026-03-22 13:50:00 PDT,2026-03-22 21:45:00 PDT,2026-03-22 20:50:00 UTC,2026-03-23 04:45:00 UTC,8.0,474.1947916666666,0.03547198895833333,0.08513277349999998,0.0,0.08513277349999998,1.1380674999999998,True,True,True,0.3830458920657727,32,False
util-20260322T181903Z-4a24a878,Carbon Optimization - CAISO_SANBERNARDINO,CAISO_SANBERNARDINO,2026-03-22 13:55:00 PDT,2026-03-22 21:50:00 PDT,2026-03-22 20:55:00 UTC,2026-03-23 04:50:00 UTC,8.0,484.5958333333333,0.03584551447916667,0.08602923474999999,0.0,0.08602923474999999,1.16303,True,True,True,0.39550022513841954,33,False
util-20260322T181903Z-4a24a878,Carbon Optimization - CAISO_SANBERNARDINO,CAISO_SANBERNARDINO,2026-03-22 14:00:00 PDT,2026-03-22 21:55:00 PDT,2026-03-22 21:00:00 UTC,2026-03-23 04:55:00 UTC,8.0,494.996875,0.03621904,0.08692569599999998,0.0,0.08692569599999998,1.1879924999999998,True,True,True,0.4079545582110662,34,False
util-20260322T181903Z-4a24a878,Carbon Optimization - CAISO_SANBERNARDINO,CAISO_SANBERNARDINO,2026-03-22 14:05:00 PDT,2026-03-22 22:00:00 PDT,2026-03-22 21:05:00 UTC,2026-03-23 05:00:00 UTC,8.0,505.4239583333333,0.0365069990625,0.08761679774999999,0.0,0.08761679774999999,1.2130174999999999,True,True,True,0.42044007389030447,35,False
util-20260322T181903Z-4a24a878,Carbon Optimization - CAISO_SANBERNARDINO,CAISO_SANBERNARDINO,2026-03-22 14:10:00 PDT,2026-03-22 22:05:00 PDT,2026-03-22 21:10:00 UTC,2026-03-23 05:05:00 UTC,8.0,515.8510416666667,0.036794958125,0.08830789949999998,0.0,0.08830789949999998,1.2380425,True,True,True,0.43292558956954275,36,False
util-20260322T181903Z-4a24a878,Carbon Optimization - CAISO_SANBERNARDINO,CAISO_SANBERNARDINO,2026-03-22 14:15:00 PDT,2026-03-22 22:10:00 PDT,2026-03-22 21:15:00 UTC,2026-03-23 05:10:00 UTC,8.0,526.2781249999999,0.0370829171875,0.08899900124999999,0.0,0.08899900124999999,1.2630675,True,True,True,0.445411105248781,37,False
util-20260322T181903Z-4a24a878,Carbon Optimization - CAISO_SANBERNARDINO,CAISO_SANBERNARDINO,2026-03-22 14:20:00 PDT,2026-03-22 22:15:00 PDT,2026-03-22 21:20:00 UTC,2026-03-23 05:15:00 UTC,8.0,536.7052083333333,0.03737087625,0.089690103,0.0,0.089690103,1.2880924999999999,True,True,True,0.4578966209280192,38,False
util-20260322T181903Z-4a24a878,Carbon Optimization - CAISO_SANBERNARDINO,CAISO_SANBERNARDINO,2026-03-22 14:25:00 PDT,2026-03-22 22:20:00 PDT,2026-03-22 21:25:00 UTC,2026-03-23 05:20:00 UTC,8.0,547.1322916666667,0.0376588353125,0.09038120475,0.0,0.09038120475,1.3131175,True,True,True,0.4703821366072575,39,False
util-20260322T181903Z-4a24a878,Carbon Optimization - CAISO_SANBERNARDINO,CAISO_SANBERNARDINO,2026-03-22 14:30:00 PDT,2026-03-22 22:25:00 PDT,2026-03-22 21:30:00 UTC,2026-03-23 05:25:00 UTC,8.0,557.5593749999999,0.037946794375,0.09107230649999999,0.0,0.09107230649999999,1.3381425000000002,True,True,True,0.48286765228649586,40,False
util-20260322T181903Z-4a24a878,Carbon Optimization - CAISO_SANBERNARDINO,CAISO_SANBERNARDINO,2026-03-22 14:35:00 PDT,2026-03-22 22:30:00 PDT,2026-03-22 21:35:00 UTC,2026-03-23 05:30:00 UTC,8.0,567.9864583333333,0.0382347534375,0.09176340824999998,0.0,0.09176340824999998,1.3631675,True,True,True,0.49535316796573403,41,False
util-20260322T181903Z-4a24a878,Carbon Optimization - CAISO_SANBERNARDINO,CAISO_SANBERNARDINO,2026-03-22 14:40:00 PDT,2026-03-22 22:35:00 PDT,2026-03-22 21:40:00 UTC,2026-03-23 05:35:00 UTC,8.0,578.4135416666667,0.0385227125,0.09245450999999999,0.0,0.09245450999999999,1.3881925000000002,True,True,True,0.5078386836449723,43,False
util-20260322T181903Z-4a24a878,Carbon Optimization - CAISO_SANBERNARDINO,CAISO_SANBERNARDINO,2026-03-22 14:45:00 PDT,2026-03-22 22:40:00 PDT,2026-03-22 21:45:00 UTC,2026-03-23 05:40:00 UTC,8.0,588.8406249999999,0.0388106715625,0.09314561175,0.0,0.09314561175,1.4132175,True,True,True,0.5203241993242105,45,False
util-20260322T181903Z-4a24a878,Carbon Optimization - CAISO_SANBERNARDINO,CAISO_SANBERNARDINO,2026-03-22 14:50:00 PDT,2026-03-22 22:45:00 PDT,2026-03-22 21:50:00 UTC,2026-03-23 05:45:00 UTC,8.0,599.2677083333333,0.039098630625,0.09383671349999999,0.0,0.09383671349999999,1.4382425,True,True,True,0.5328097150034488,47,False
util-20260322T181903Z-4a24a878,Carbon Optimization - CAISO_SANBERNARDINO,CAISO_SANBERNARDINO,2026-03-22 14:55:00 PDT,2026-03-22 22:50:00 PDT,2026-03-22 21:55:00 UTC,2026-03-23 05:50:00 UTC,8.0,609.6947916666667,0.039386589687499994,0.09452781524999998,0.0,0.09452781524999998,1.4632675,True,True,True,0.5452952306826869,49,False
util-20260322T181903Z-4a24a878,Carbon Optimization - CAISO_SANBERNARDINO,CAISO_SANBERNARDINO,2026-03-22 15:00:00 PDT,2026-03-22 22:55:00 PDT,2026-03-22 22:00:00 UTC,2026-03-23 05:55:00 UTC,8.0,620.1218749999999,0.03967454875,0.09521891699999999,0.0,0.09521891699999999,1.4882925,True,True,True,0.5577807463619252,51,False
util-20260322T181903Z-4a24a878,Carbon Optimization - CAISO_SANBERNARDINO,CAISO_SANBERNARDINO,2026-03-22 15:05:00 PDT,2026-03-22 23:00:00 PDT,2026-03-22 22:05:00 UTC,2026-03-23 06:00:00 UTC,8.0,630.5020833333333,0.03989246666666666,0.09574191999999998,0.0,0.09574191999999998,1.513205,True,True,True,0.5702101333492987,53,False
util-20260322T181903Z-4a24a878,Carbon Optimization - CAISO_SANBERNARDINO,CAISO_SANBERNARDINO,2026-03-22 15:10:00 PDT,2026-03-22 23:05:00 PDT,2026-03-22 22:10:00 UTC,2026-03-23 06:05:00 UTC,8.0,640.8822916666667,0.04011038458333333,0.09626492299999997,0.0,0.09626492299999997,1.5381174999999998,True,True,True,0.5826395203366722,55,False
util-20260322T181903Z-4a24a878,Carbon Optimization - CAISO_SANBERNARDINO,CAISO_SANBERNARDINO,2026-03-22 15:15:00 PDT,2026-03-22 23:10:00 PDT,2026-03-22 22:15:00 UTC,2026-03-23 06:10:00 UTC,8.0,651.2624999999999,0.040328302499999996,0.09678792599999998,0.0,0.09678792599999998,1.56303,True,True,True,0.5950689073240458,57,False
util-20260322T181903Z-4a24a878,Carbon Optimization - CAISO_SANBERNARDINO,CAISO_SANBERNARDINO,2026-03-22 15:20:00 PDT,2026-03-22 23:15:00 PDT,2026-03-22 22:20:00 UTC,2026-03-23 06:15:00 UTC,8.0,661.6427083333333,0.04054622041666667,0.09731092899999998,0.0,0.09731092899999998,1.5879425,True,True,True,0.6074982943114194,59,False
util-20260322T181903Z-4a24a878,Carbon Optimization - CAISO_SANBERNARDINO,CAISO_SANBERNARDINO,2026-03-22 15:25:00 PDT,2026-03-22 23:20:00 PDT,2026-03-22 22:25:00 UTC,2026-03-23 06:20:00 UTC,8.0,672.0229166666667,0.04076413833333333,0.09783393199999997,0.0,0.09783393199999997,1.612855,True,True,True,0.6199276812987928,61,False
util-20260322T181903Z-4a24a878,Carbon Optimization - CAISO_SANBERNARDINO,CAISO_SANBERNARDINO,2026-03-22 15:30:00 PDT,2026-03-22 23:25:00 PDT,2026-03-22 22:30:00 UTC,2026-03-23 06:25:00 UTC,8.0,682.403125,0.04098205625,0.09835693499999998,0.0,0.09835693499999998,1.6377674999999998,True,True,True,0.6323570682861663,63,False
util-20260322T181903Z-4a24a878,Carbon Optimization - CAISO_SANBERNARDINO,CAISO_SANBERNARDINO,2026-03-22 15:35:00 PDT,2026-03-22 23:30:00 PDT,2026-03-22 22:35:00 UTC,2026-03-23 06:30:00 UTC,8.0,692.7833333333334,0.04119997416666667,0.09887993799999997,0.0,0.09887993799999997,1.66268,True,True,True,0.64478645527354,65,False
util-20260322T181903Z-4a24a878,Carbon Optimization - CAISO_SANBERNARDINO,CAISO_SANBERNARDINO,2026-03-22 15:40:00 PDT,2026-03-22 23:35:00 PDT,2026-03-22 22:40:00 UTC,2026-03-23 06:35:00 UTC,8.0,703.1635416666668,0.04141789208333333,0.09940294099999997,0.0,0.09940294099999997,1.6875925,True,True,True,0.6572158422609136,67,False
util-20260322T181903Z-4a24a878,Carbon Optimization - CAISO_SANBERNARDINO,CAISO_SANBERNARDINO,2026-03-22 15:45:00 PDT,2026-03-22 23:40:00 PDT,2026-03-22 22:45:00 UTC,2026-03-23 06:40:00 UTC,8.0,713.5437500000002,0.04163581,0.09992594399999997,0.0,0.09992594399999997,1.7125050000000002,True,True,True,0.6696452292482872,69,False
util-20260322T181903Z-4a24a878,Carbon Optimization - CAISO_SANBERNARDINO,CAISO_SANBERNARDINO,2026-03-22 15:50:00 PDT,2026-03-22 23:45:00 PDT,2026-03-22 22:50:00 UTC,2026-03-23 06:45:00 UTC,8.0,723.9239583333334,0.041853727916666666,0.10044894699999997,0.0,0.10044894699999997,1.7374175,True,True,True,0.6820746162356607,71,False
util-20260322T181903Z-4a24a878,Carbon Optimization - CAISO_SANBERNARDINO,CAISO_SANBERNARDINO,2026-03-22 15:55:00 PDT,2026-03-22 23:50:00 PDT,2026-03-22 22:55:00 UTC,2026-03-23 06:50:00 UTC,8.0,734.3041666666668,0.04207164583333334,0.10097194999999996,0.0,0.10097194999999996,1.76233,True,True,True,0.6945040032230341,73,False
util-20260322T181903Z-4a24a878,Carbon Optimization - CAISO_SANBERNARDINO,CAISO_SANBERNARDINO,2026-03-22 16:00:00 PDT,2026-03-22 23:55:00 PDT,2026-03-22 23:00:00 UTC,2026-03-23 06:55:00 UTC,8.0,744.6843750000002,0.04228956375,0.10149495299999997,0.0,0.10149495299999997,1.7872424999999998,True,True,True,0.7069333902104076,75,False
util-20260322T181903Z-4a24a878,Carbon Optimization - CAISO_SANBERNARDINO,CAISO_SANBERNARDINO,2026-03-22 16:05:00 PDT,2026-03-23 00:00:00 PDT,2026-03-22 23:05:00 UTC,2026-03-23 07:00:00 UTC,8.0,754.8822916666668,0.04243235020833334,0.10183764049999998,0.0,0.10183764049999998,1.8117174999999999,True,True,True,0.7191444989516407,77,False
util-20260322T181903Z-4a24a878,Carbon Optimization - CAISO_SANBERNARDINO,CAISO_SANBERNARDINO,2026-03-22 16:10:00 PDT,2026-03-23 00:05:00 PDT,2026-03-22 23:10:00 UTC,2026-03-23 07:05:00 UTC,8.0,765.0802083333334,0.04257513666666667,0.10218032799999997,0.0,0.10218032799999997,1.8361925,True,True,True,0.7313556076928737,79,False
util-20260322T181903Z-4a24a878,Carbon Optimization - CAISO_SANBERNARDINO,CAISO_SANBERNARDINO,2026-03-22 16:15:00 PDT,2026-03-23 00:10:00 PDT,2026-03-22 23:15:00 UTC,2026-03-23 07:10:00 UTC,8.0,775.2781250000002,0.042717923125,0.10252301549999997,0.0,0.10252301549999997,1.8606675,True,True,True,0.7435667164341067,81,False
util-20260322T181903Z-4a24a878,Carbon Optimization - CAISO_SANBERNARDINO,CAISO_SANBERNARDINO,2026-03-22 16:20:00 PDT,2026-03-23 00:15:00 PDT,2026-03-22 23:20:00 UTC,2026-03-23 07:15:00 UTC,8.0,785.4760416666668,0.042860709583333344,0.10286570299999998,0.0,0.10286570299999998,1.8851425,True,True,True,0.7557778251753396,83,False
util-20260322T181903Z-4a24a878,Carbon Optimization - CAISO_SANBERNARDINO,CAISO_SANBERNARDINO,2026-03-22 16:25:00 PDT,2026-03-23 00:20:00 PDT,2026-03-22 23:25:00 UTC,2026-03-23 07:20:00 UTC,8.0,795.6739583333334,0.04300349604166667,0.10320839049999997,0.0,0.10320839049999997,1.9096174999999997,True,True,True,0.7679889339165726,85,False
util-20260322T181903Z-4a24a878,Carbon Optimization - CAISO_SANBERNARDINO,CAISO_SANBERNARDINO,2026-03-22 16:30:00 PDT,2026-03-23 00:25:00 PDT,2026-03-22 23:30:00 UTC,2026-03-23 07:25:00 UTC,8.0,805.8718750000002,0.0431462825,0.10355107799999996,0.0,0.10355107799999996,1.9340924999999998,True,True,True,0.7802000426578056,87,False
util-20260322T181903Z-4a24a878,Carbon Optimization - CAISO_SANBERNARDINO,CAISO_SANBERNARDINO,2026-03-22 16:35:00 PDT,2026-03-23 00:30:00 PDT,2026-03-22 23:35:00 UTC,2026-03-23 07:30:00 UTC,8.0,816.0697916666668,0.043289068958333336,0.10389376549999997,0.0,0.10389376549999997,1.9585674999999998,True,True,True,0.7924111513990386,89,False
util-20260322T181903Z-4a24a878,Carbon Optimization - CAISO_SANBERNARDINO,CAISO_SANBERNARDINO,2026-03-22 16:40:00 PDT,2026-03-23 00:35:00 PDT,2026-03-22 23:40:00 UTC,2026-03-23 07:35:00 UTC,8.0,826.2677083333334,0.043431855416666665,0.10423645299999997,0.0,0.10423645299999997,1.9830425,True,True,True,0.8046222601402718,91,False
util-20260322T181903Z-4a24a878,Carbon Optimization - CAISO_SANBERNARDINO,CAISO_SANBERNARDINO,2026-03-22 16:45:00 PDT,2026-03-23 00:40:00 PDT,2026-03-22 23:45:00 UTC,2026-03-23 07:40:00 UTC,8.0,836.4656250000002,0.04357464187499999,0.10457914049999996,0.0,0.10457914049999996,2.0075175,True,True,True,0.8168333688815048,93,False
util-20260322T181903Z-4a24a878,Carbon Optimization - CAISO_SANBERNARDINO,CAISO_SANBERNARDINO,2026-03-22 16:50:00 PDT,2026-03-23 00:45:00 PDT,2026-03-22 23:50:00 UTC,2026-03-23 07:45:00 UTC,8.0,846.6635416666668,0.04371742833333333,0.10492182799999997,0.0,0.10492182799999997,2.0319925,True,True,True,0.8290444776227377,95,False
util-20260322T181903Z-4a24a878,Carbon Optimization - CAISO_SANBERNARDINO,CAISO_SANBERNARDINO,2026-03-22 16:55:00 PDT,2026-03-23 00:50:00 PDT,2026-03-22 23:55:00 UTC,2026-03-23 07:50:00 UTC,8.0,856.8614583333334,0.04386021479166666,0.10526451549999996,0.0,0.10526451549999996,2.0564674999999997,True,True,True,0.8412555863639706,97,False
util-20260322T181903Z-4a24a878,Carbon Optimization - CAISO_SANBERNARDINO,CAISO_SANBERNARDINO,2026-03-22 17:00:00 PDT,2026-03-23 00:55:00 PDT,2026-03-23 00:00:00 UTC,2026-03-23 07:55:00 UTC,8.0,867.0593750000002,0.044003001249999986,0.10560720299999996,0.0,0.10560720299999996,2.0809425,True,True,True,0.8534666951052038,99,False
util-20260322T181903Z-4a24a878,Carbon Optimization - CAISO_SANBERNARDINO,CAISO_SANBERNARDINO,2026-03-22 17:05:00 PDT,2026-03-23 01:00:00 PDT,2026-03-23 00:05:00 UTC,2026-03-23 08:00:00 UTC,8.0,877.2572916666668,0.04389087958333333,0.10533811099999996,0.0,0.10533811099999996,2.1054175,True,True,True,0.8656778038464369,101,False
util-20260322T181903Z-4a24a878,Carbon Optimization - CAISO_SANBERNARDINO,CAISO_SANBERNARDINO,2026-03-22 17:10:00 PDT,2026-03-23 01:05:00 PDT,2026-03-23 00:10:00 UTC,2026-03-23 08:05:00 UTC,8.0,887.4552083333334,0.04377875791666666,0.10506901899999996,0.0,0.10506901899999996,2.1298925,True,True,True,0.8778889125876698,103,False
util-20260322T181903Z-4a24a878,Carbon Optimization - CAISO_SANBERNARDINO,CAISO_SANBERNARDINO,2026-03-22 17:15:00 PDT,2026-03-23 01:10:00 PDT,2026-03-23 00:15:00 UTC,2026-03-23 08:10:00 UTC,8.0,897.6531250000002,0.043666636249999995,0.10479992699999996,0.0,0.10479992699999996,2.1543674999999998,True,True,True,0.8901000213289026,105,False
util-20260322T181903Z-4a24a878,Carbon Optimization - CAISO_SANBERNARDINO,CAISO_SANBERNARDINO,2026-03-22 17:20:00 PDT,2026-03-23 01:15:00 PDT,2026-03-23 00:20:00 UTC,2026-03-23 08:15:00 UTC,8.0,907.8510416666668,0.043554514583333336,0.10453083499999996,0.0,0.10453083499999996,2.1788425,True,True,True,0.9023111300701359,107,False
util-20260322T181903Z-4a24a878,Carbon Optimization - CAISO_SANBERNARDINO,CAISO_SANBERNARDINO,2026-03-22 17:25:00 PDT,2026-03-23 01:20:00 PDT,2026-03-23 00:25:00 UTC,2026-03-23 08:20:00 UTC,8.0,918.0489583333334,0.04344239291666666,0.10426174299999996,0.0,0.10426174299999996,2.2033175000000003,True,True,True,0.914522238811369,109,False
util-20260322T181903Z-4a24a878,Carbon Optimization - CAISO_SANBERNARDINO,CAISO_SANBERNARDINO,2026-03-22 17:30:00 PDT,2026-03-23 01:25:00 PDT,2026-03-23 00:30:00 UTC,2026-03-23 08:25:00 UTC,8.0,928.2468750000002,0.043330271249999996,0.10399265099999996,0.0,0.10399265099999996,2.2277925000000005,True,True,True,0.9267333475526021,111,False
util-20260322T181903Z-4a24a878,Carbon Optimization - CAISO_SANBERNARDINO,CAISO_SANBERNARDINO,2026-03-22 17:35:00 PDT,2026-03-23 01:30:00 PDT,2026-03-23 00:35:00 UTC,2026-03-23 08:30:00 UTC,8.0,938.4447916666668,0.04321814958333334,0.10372355899999997,0.0,0.10372355899999997,2.2522675,True,True,True,0.9389444562938348,113,False
util-20260322T181903Z-4a24a878,Carbon Optimization - CAISO_SANBERNARDINO,CAISO_SANBERNARDINO,2026-03-22 17:40:00 PDT,2026-03-23 01:35:00 PDT,2026-03-23 00:40:00 UTC,2026-03-23 08:35:00 UTC,8.0,948.6427083333334,0.04310602791666667,0.10345446699999997,0.0,0.10345446699999997,2.2767425,True,True,True,0.9511555650350679,115,False
util-20260322T181903Z-4a24a878,Carbon Optimization - CAISO_SANBERNARDINO,CAISO_SANBERNARDINO,2026-03-22 17:45:00 PDT,2026-03-23 01:40:00 PDT,2026-03-23 00:45:00 UTC,2026-03-23 08:40:00 UTC,8.0,958.8406250000002,0.04299390625,0.10318537499999997,0.0,0.10318537499999997,2.3012175000000004,True,True,True,0.963366673776301,117,False
util-20260322T181903Z-4a24a878,Carbon Optimization - CAISO_SANBERNARDINO,CAISO_SANBERNARDINO,2026-03-22 17:50:00 PDT,2026-03-23 01:45:00 PDT,2026-03-23 00:50:00 UTC,2026-03-23 08:45:00 UTC,8.0,969.0385416666668,0.04288178458333334,0.10291628299999997,0.0,0.10291628299999997,2.3256925,True,True,True,0.9755777825175339,119,False
util-20260322T181903Z-4a24a878,Carbon Optimization - CAISO_SANBERNARDINO,CAISO_SANBERNARDINO,2026-03-22 17:55:00 PDT,2026-03-23 01:50:00 PDT,2026-03-23 00:55:00 UTC,2026-03-23 08:50:00 UTC,8.0,979.2364583333334,0.04276966291666667,0.10264719099999997,0.0,0.10264719099999997,2.3501675,True,True,True,0.9877888912587669,121,False
util-20260322T181903Z-4a24a878,Carbon Optimization - CAISO_SANBERNARDINO,CAISO_SANBERNARDINO,2026-03-22 18:00:00 PDT,2026-03-23 01:55:00 PDT,2026-03-23 01:00:00 UTC,2026-03-23 08:55:00 UTC,8.0,989.4343750000002,0.04265754125000001,0.10237809899999997,0.0,0.10237809899999997,2.3746425,True,True,True,1.0,193,False
util-20260322T181903Z-4a24a878,Carbon Optimization - CAISO_SANBERNARDINO,CAISO_SANBERNARDINO,2026-03-22 18:05:00 PDT,2026-03-23 02:00:00 PDT,2026-03-23 01:05:00 UTC,2026-03-23 09:00:00 UTC,8.0,989.334375,0.04233660364583333,0.10160784874999997,0.0,0.10160784874999997,2.3744025,True,True,True,0.9998802587906885,192,False
util-20260322T181903Z-4a24a878,Carbon Optimization - CAISO_SANBERNARDINO,CAISO_SANBERNARDINO,2026-03-22 18:10:00 PDT,2026-03-23 02:05:00 PDT,2026-03-23 01:10:00 UTC,2026-03-23 09:05:00 UTC,8.0,989.234375,0.04201566604166667,0.10083759849999997,0.0,0.10083759849999997,2.3741625,True,True,True,0.9997605175813772,191,False
util-20260322T181903Z-4a24a878,Carbon Optimization - CAISO_SANBERNARDINO,CAISO_SANBERNARDINO,2026-03-22 18:15:00 PDT,2026-03-23 02:10:00 PDT,2026-03-23 01:15:00 UTC,2026-03-23 09:10:00 UTC,8.0,989.134375,0.0416947284375,0.10006734824999998,0.0,0.10006734824999998,2.3739225,True,True,True,0.9996407763720657,190,False
util-20260322T181903Z-4a24a878,Carbon Optimization - CAISO_SANBERNARDINO,CAISO_SANBERNARDINO,2026-03-22 18:20:00 PDT,2026-03-23 02:15:00 PDT,2026-03-23 01:20:00 UTC,2026-03-23 09:15:00 UTC,8.0,989.0343749999998,0.04137379083333333,0.09929709799999997,0.0,0.09929709799999997,2.3736824999999997,True,True,True,0.9995210351627543,189,False
util-20260322T181903Z-4a24a878,Carbon Optimization - CAISO_SANBERNARDINO,CAISO_SANBERNARDINO,2026-03-22 18:25:00 PDT,2026-03-23 02:20:00 PDT,2026-03-23 01:25:00 UTC,2026-03-23 09:20:00 UTC,8.0,988.9343749999998,0.041052853229166665,0.09852684774999997,0.0,0.09852684774999997,2.3734425,True,True,True,0.999401293953443,188,False
util-20260322T181903Z-4a24a878,Carbon Optimization - CAISO_SANBERNARDINO,CAISO_SANBERNARDINO,2026-03-22 18:30:00 PDT,2026-03-23 02:25:00 PDT,2026-03-23 01:30:00 UTC,2026-03-23 09:25:00 UTC,8.0,988.8343749999999,0.040731915625,0.09775659749999997,0.0,0.09775659749999997,2.3732024999999997,True,True,True,0.9992815527441314,187,False
util-20260322T181903Z-4a24a878,Carbon Optimization - CAISO_SANBERNARDINO,CAISO_SANBERNARDINO,2026-03-22 18:35:00 PDT,2026-03-23 02:30:00 PDT,2026-03-23 01:35:00 UTC,2026-03-23 09:30:00 UTC,8.0,988.734375,0.04041097802083333,0.09698634724999998,0.0,0.09698634724999998,2.3729625000000003,True,True,True,0.9991618115348204,186,False
util-20260322T181903Z-4a24a878,Carbon Optimization - CAISO_SANBERNARDINO,CAISO_SANBERNARDINO,2026-03-22 18:40:00 PDT,2026-03-23 02:35:00 PDT,2026-03-23 01:40:00 UTC,2026-03-23 09:35:00 UTC,8.0,988.634375,0.04009004041666667,0.09621609699999997,0.0,0.09621609699999997,2.3727225,True,True,True,0.999042070325509,185,False
util-20260322T181903Z-4a24a878,Carbon Optimization - CAISO_SANBERNARDINO,CAISO_SANBERNARDINO,2026-03-22 18:45:00 PDT,2026-03-23 02:40:00 PDT,2026-03-23 01:45:00 UTC,2026-03-23 09:40:00 UTC,8.0,988.5343749999998,0.039769102812500005,0.09544584674999997,0.0,0.09544584674999997,2.3724825000000003,True,True,True,0.9989223291161976,184,False
util-20260322T181903Z-4a24a878,Carbon Optimization - CAISO_SANBERNARDINO,CAISO_SANBERNARDINO,2026-03-22 18:50:00 PDT,2026-03-23 02:45:00 PDT,2026-03-23 01:50:00 UTC,2026-03-23 09:45:00 UTC,8.0,988.4343749999999,0.03944816520833334,0.09467559649999997,0.0,0.09467559649999997,2.3722424999999996,True,True,True,0.9988025879068859,183,False
util-20260322T181903Z-4a24a878,Carbon Optimization - CAISO_SANBERNARDINO,CAISO_SANBERNARDINO,2026-03-22 18:55:00 PDT,2026-03-23 02:50:00 PDT,2026-03-23 01:55:00 UTC,2026-03-23 09:50:00 UTC,8.0,988.334375,0.03912722760416667,0.09390534624999998,0.0,0.09390534624999998,2.3720025,True,True,True,0.9986828466975747,182,False
util-20260322T181903Z-4a24a878,Carbon Optimization - CAISO_SANBERNARDINO,CAISO_SANBERNARDINO,2026-03-22 19:00:00 PDT,2026-03-23 02:55:00 PDT,2026-03-23 02:00:00 UTC,2026-03-23 09:55:00 UTC,8.0,988.234375,0.03880629,0.09313509599999997,0.0,0.09313509599999997,2.3717625,True,True,True,0.9985631054882634,181,False
util-20260322T181903Z-4a24a878,Carbon Optimization - CAISO_SANBERNARDINO,CAISO_SANBERNARDINO,2026-03-22 19:05:00 PDT,2026-03-23 03:00:00 PDT,2026-03-23 02:05:00 UTC,2026-03-23 10:00:00 UTC,8.0,988.171875,0.03842762791666667,0.09222630699999997,0.0,0.09222630699999997,2.3716125000000003,True,True,True,0.998488267232444,180,False
util-20260322T181903Z-4a24a878,Carbon Optimization - CAISO_SANBERNARDINO,CAISO_SANBERNARDINO,2026-03-22 19:10:00 PDT,2026-03-23 03:05:00 PDT,2026-03-23 02:10:00 UTC,2026-03-23 10:05:00 UTC,8.0,988.09375,0.03804896583333334,0.09131751799999997,0.0,0.09131751799999997,2.3714250000000003,True,True,True,0.9983947194126694,179,False
util-20260322T181903Z-4a24a878,Carbon Optimization - CAISO_SANBERNARDINO,CAISO_SANBERNARDINO,2026-03-22 19:15:00 PDT,2026-03-23 03:10:00 PDT,2026-03-23 02:15:00 UTC,2026-03-23 10:10:00 UTC,8.0,988.015625,0.03767030375,0.09040872899999998,0.0,0.09040872899999998,2.3712375000000003,True,True,True,0.9983011715928949,178,False
util-20260322T181903Z-4a24a878,Carbon Optimization - CAISO_SANBERNARDINO,CAISO_SANBERNARDINO,2026-03-22 19:20:00 PDT,2026-03-23 03:15:00 PDT,2026-03-23 02:20:00 UTC,2026-03-23 10:15:00 UTC,8.0,987.9375,0.037291641666666674,0.08949993999999997,0.0,0.08949993999999997,2.3710500000000003,True,True,True,0.9982076237731204,177,False
util-20260322T181903Z-4a24a878,Carbon Optimization - CAISO_SANBERNARDINO,CAISO_SANBERNARDINO,2026-03-22 19:25:00 PDT,2026-03-23 03:20:00 PDT,2026-03-23 02:25:00 UTC,2026-03-23 10:20:00 UTC,8.0,987.859375,0.03691297958333334,0.08859115099999997,0.0,0.08859115099999997,2.3708625000000003,True,True,True,0.9981140759533459,176,False
util-20260322T181903Z-4a24a878,Carbon Optimization - CAISO_SANBERNARDINO,CAISO_SANBERNARDINO,2026-03-22 19:30:00 PDT,2026-03-23 03:25:00 PDT,2026-03-23 02:30:00 UTC,2026-03-23 10:25:00 UTC,8.0,987.78125,0.0365343175,0.08768236199999997,0.0,0.08768236199999997,2.3706750000000003,True,True,True,0.9980205281335713,175,False
util-20260322T181903Z-4a24a878,Carbon Optimization - CAISO_SANBERNARDINO,CAISO_SANBERNARDINO,2026-03-22 19:35:00 PDT,2026-03-23 03:30:00 PDT,2026-03-23 02:35:00 UTC,2026-03-23 10:30:00 UTC,8.0,987.703125,0.036155655416666675,0.08677357299999996,0.0,0.08677357299999996,2.3704875000000003,True,True,True,0.9979269803137969,174,False
util-20260322T181903Z-4a24a878,Carbon Optimization - CAISO_SANBERNARDINO,CAISO_SANBERNARDINO,2026-03-22 19:40:00 PDT,2026-03-23 03:35:00 PDT,2026-03-23 02:40:00 UTC,2026-03-23 10:35:00 UTC,8.0,987.625,0.03577699333333334,0.08586478399999997,0.0,0.08586478399999997,2.3703000000000003,True,True,True,0.9978334324940223,173,False
util-20260322T181903Z-4a24a878,Carbon Optimization - CAISO_SANBERNARDINO,CAISO_SANBERNARDINO,2026-03-22 19:45:00 PDT,2026-03-23 03:40:00 PDT,2026-03-23 02:45:00 UTC,2026-03-23 10:40:00 UTC,8.0,987.546875,0.035398331250000005,0.08495599499999996,0.0,0.08495599499999996,2.3701125000000003,True,True,True,0.9977398846742478,172,False
util-20260322T181903Z-4a24a878,Carbon Optimization - CAISO_SANBERNARDINO,CAISO_SANBERNARDINO,2026-03-22 19:50:00 PDT,2026-03-23 03:45:00 PDT,2026-03-23 02:50:00 UTC,2026-03-23 10:45:00 UTC,8.0,987.46875,0.03501966916666668,0.08404720599999997,0.0,0.08404720599999997,2.3699250000000003,True,True,True,0.9976463368544733,171,False
util-20260322T181903Z-4a24a878,Carbon Optimization - CAISO_SANBERNARDINO,CAISO_SANBERNARDINO,2026-03-22 19:55:00 PDT,2026-03-23 03:50:00 PDT,2026-03-23 02:55:00 UTC,2026-03-23 10:50:00 UTC,8.0,987.390625,0.034641007083333335,0.08313841699999996,0.0,0.08313841699999996,2.3697375000000003,True,True,True,0.9975527890346988,170,False
util-20260322T181903Z-4a24a878,Carbon Optimization - CAISO_SANBERNARDINO,CAISO_SANBERNARDINO,2026-03-22 20:00:00 PDT,2026-03-23 03:55:00 PDT,2026-03-23 03:00:00 UTC,2026-03-23 10:55:00 UTC,8.0,987.3125,0.03426234500000001,0.08222962799999997,0.0,0.08222962799999997,2.3695500000000003,True,True,True,0.9974592412149242,169,False
util-20260322T181903Z-4a24a878,Carbon Optimization - CAISO_SANBERNARDINO,CAISO_SANBERNARDINO,2026-03-22 20:05:00 PDT,2026-03-23 04:00:00 PDT,2026-03-23 03:05:00 UTC,2026-03-23 11:00:00 UTC,8.0,987.2239583333334,0.0340586271875,0.08174070524999996,0.0,0.08174070524999996,2.3693375,True,True,True,0.997353220352513,168,False
util-20260322T181903Z-4a24a878,Carbon Optimization - CAISO_SANBERNARDINO,CAISO_SANBERNARDINO,2026-03-22 20:10:00 PDT,2026-03-23 04:05:00 PDT,2026-03-23 03:10:00 UTC,2026-03-23 11:05:00 UTC,8.0,987.1354166666666,0.033854909375,0.08125178249999997,0.0,0.08125178249999997,2.369125,True,True,True,0.9972471994901019,167,False
util-20260322T181903Z-4a24a878,Carbon Optimization - CAISO_SANBERNARDINO,CAISO_SANBERNARDINO,2026-03-22 20:15:00 PDT,2026-03-23 04:10:00 PDT,2026-03-23 03:15:00 UTC,2026-03-23 11:10:00 UTC,8.0,987.046875,0.0336511915625,0.08076285974999997,0.0,0.08076285974999997,2.3689125,True,True,True,0.9971411786276908,166,False
util-20260322T181903Z-4a24a878,Carbon Optimization - CAISO_SANBERNARDINO,CAISO_SANBERNARDINO,2026-03-22 20:20:00 PDT,2026-03-23 04:15:00 PDT,2026-03-23 03:20:00 UTC,2026-03-23 11:15:00 UTC,8.0,986.9583333333334,0.033447473750000005,0.08027393699999996,0.0,0.08027393699999996,2.3687,True,True,True,0.9970351577652797,165,False
util-20260322T181903Z-4a24a878,Carbon Optimization - CAISO_SANBERNARDINO,CAISO_SANBERNARDINO,2026-03-22 20:25:00 PDT,2026-03-23 04:20:00 PDT,2026-03-23 03:25:00 UTC,2026-03-23 11:20:00 UTC,8.0,986.8697916666666,0.0332437559375,0.07978501424999997,0.0,0.07978501424999997,2.3684874999999996,True,True,True,0.9969291369028684,164,False
util-20260322T181903Z-4a24a878,Carbon Optimization - CAISO_SANBERNARDINO,CAISO_SANBERNARDINO,2026-03-22 20:30:00 PDT,2026-03-23 04:25:00 PDT,2026-03-23 03:30:00 UTC,2026-03-23 11:25:00 UTC,8.0,986.78125,0.033040038125000004,0.07929609149999997,0.0,0.07929609149999997,2.3682749999999997,True,True,True,0.9968231160404573,163,False
util-20260322T181903Z-4a24a878,Carbon Optimization - CAISO_SANBERNARDINO,CAISO_SANBERNARDINO,2026-03-22 20:35:00 PDT,2026-03-23 04:30:00 PDT,2026-03-23 03:35:00 UTC,2026-03-23 11:30:00 UTC,8.0,986.6927083333334,0.0328363203125,0.07880716874999998,0.0,0.07880716874999998,2.3680624999999997,True,True,True,0.9967170951780462,162,False
util-20260322T181903Z-4a24a878,Carbon Optimization - CAISO_SANBERNARDINO,CAISO_SANBERNARDINO,2026-03-22 20:40:00 PDT,2026-03-23 04:35:00 PDT,2026-03-23 03:40:00 UTC,2026-03-23 11:35:00 UTC,8.0,986.6041666666666,0.0326326025,0.07831824599999998,0.0,0.07831824599999998,2.3678499999999993,True,True,True,0.9966110743156349,161,False
util-20260322T181903Z-4a24a878,Carbon Optimization - CAISO_SANBERNARDINO,CAISO_SANBERNARDINO,2026-03-22 20:45:00 PDT,2026-03-23 04:40:00 PDT,2026-03-23 03:45:00 UTC,2026-03-23 11:40:00 UTC,8.0,986.515625,0.0324288846875,0.07782932324999997,0.0,0.07782932324999997,2.3676374999999994,True,True,True,0.9965050534532238,160,False
util-20260322T181903Z-4a24a878,Carbon Optimization - CAISO_SANBERNARDINO,CAISO_SANBERNARDINO,2026-03-22 20:50:00 PDT,2026-03-23 04:45:00 PDT,2026-03-23 03:50:00 UTC,2026-03-23 11:45:00 UTC,8.0,986.4270833333334,0.03222516687500001,0.07734040049999998,0.0,0.07734040049999998,2.3674249999999994,True,True,True,0.9963990325908127,159,False
util-20260322T181903Z-4a24a878,Carbon Optimization - CAISO_SANBERNARDINO,CAISO_SANBERNARDINO,2026-03-22 20:55:00 PDT,2026-03-23 04:50:00 PDT,2026-03-23 03:55:00 UTC,2026-03-23 11:50:00 UTC,8.0,986.3385416666666,0.032021449062500006,0.07685147774999998,0.0,0.07685147774999998,2.367212499999999,True,True,True,0.9962930117284015,158,False
util-20260322T181903Z-4a24a878,Carbon Optimization - CAISO_SANBERNARDINO,CAISO_SANBERNARDINO,2026-03-22 21:00:00 PDT,2026-03-23 04:55:00 PDT,2026-03-23 04:00:00 UTC,2026-03-23 11:55:00 UTC,8.0,986.25,0.03181773125,0.07636255499999997,0.0,0.07636255499999997,2.366999999999999,True,True,True,0.9961869908659903,157,False
util-20260322T181903Z-4a24a878,Carbon Optimization - CAISO_SANBERNARDINO,CAISO_SANBERNARDINO,2026-03-22 21:05:00 PDT,2026-03-23 05:00:00 PDT,2026-03-23 04:05:00 UTC,2026-03-23 12:00:00 UTC,8.0,986.046875,0.03173597229166667,0.07616633349999997,0.0,0.07616633349999997,2.3665124999999994,True,True,True,0.9959437665345767,156,False
util-20260322T181903Z-4a24a878,Carbon Optimization - CAISO_SANBERNARDINO,CAISO_SANBERNARDINO,2026-03-22 21:10:00 PDT,2026-03-23 05:05:00 PDT,2026-03-23 04:10:00 UTC,2026-03-23 12:05:00 UTC,8.0,985.84375,0.03165421333333334,0.07597011199999998,0.0,0.07597011199999998,2.366024999999999,True,True,True,0.9957005422031628,155,False
util-20260322T181903Z-4a24a878,Carbon Optimization - CAISO_SANBERNARDINO,CAISO_SANBERNARDINO,2026-03-22 21:15:00 PDT,2026-03-23 05:10:00 PDT,2026-03-23 04:15:00 UTC,2026-03-23 12:10:00 UTC,8.0,985.640625,0.031572454375,0.07577389049999997,0.0,0.07577389049999997,2.3655374999999994,True,True,True,0.9954573178717493,154,False
util-20260322T181903Z-4a24a878,Carbon Optimization - CAISO_SANBERNARDINO,CAISO_SANBERNARDINO,2026-03-22 21:20:00 PDT,2026-03-23 05:15:00 PDT,2026-03-23 04:20:00 UTC,2026-03-23 12:15:00 UTC,8.0,985.4375,0.031490695416666666,0.07557766899999997,0.0,0.07557766899999997,2.365049999999999,True,True,True,0.9952140935403354,153,False
util-20260322T181903Z-4a24a878,Carbon Optimization - CAISO_SANBERNARDINO,CAISO_SANBERNARDINO,2026-03-22 21:25:00 PDT,2026-03-23 05:20:00 PDT,2026-03-23 04:25:00 UTC,2026-03-23 12:20:00 UTC,8.0,985.234375,0.031408936458333335,0.07538144749999998,0.0,0.07538144749999998,2.3645624999999995,True,True,True,0.9949708692089219,152,False
util-20260322T181903Z-4a24a878,Carbon Optimization - CAISO_SANBERNARDINO,CAISO_SANBERNARDINO,2026-03-22 21:30:00 PDT,2026-03-23 05:25:00 PDT,2026-03-23 04:30:00 UTC,2026-03-23 12:25:00 UTC,8.0,985.03125,0.031327177500000004,0.07518522599999997,0.0,0.07518522599999997,2.3640749999999993,True,True,True,0.994727644877508,151,False
util-20260322T181903Z-4a24a878,Carbon Optimization - CAISO_SANBERNARDINO,CAISO_SANBERNARDINO,2026-03-22 21:35:00 PDT,2026-03-23 05:30:00 PDT,2026-03-23 04:35:00 UTC,2026-03-23 12:30:00 UTC,8.0,984.828125,0.03124541854166667,0.07498900449999997,0.0,0.07498900449999997,2.3635874999999995,True,True,True,0.9944844205460944,150,False
util-20260322T181903Z-4a24a878,Carbon Optimization - CAISO_SANBERNARDINO,CAISO_SANBERNARDINO,2026-03-22 21:40:00 PDT,2026-03-23 05:35:00 PDT,2026-03-23 04:40:00 UTC,2026-03-23 12:35:00 UTC,8.0,984.625,0.031163659583333336,0.07479278299999997,0.0,0.07479278299999997,2.3630999999999993,True,True,True,0.9942411962146805,149,False
util-20260322T181903Z-4a24a878,Carbon Optimization - CAISO_SANBERNARDINO,CAISO_SANBERNARDINO,2026-03-22 21:45:00 PDT,2026-03-23 05:40:00 PDT,2026-03-23 04:45:00 UTC,2026-03-23 12:40:00 UTC,8.0,984.421875,0.031081900625000006,0.07459656149999996,0.0,0.07459656149999996,2.3626124999999996,True,True,True,0.993997971883267,148,False
util-20260322T181903Z-4a24a878,Carbon Optimization - CAISO_SANBERNARDINO,CAISO_SANBERNARDINO,2026-03-22 21:50:00 PDT,2026-03-23 05:45:00 PDT,2026-03-23 04:50:00 UTC,2026-03-23 12:45:00 UTC,8.0,984.21875,0.03100014166666667,0.07440033999999998,0.0,0.07440033999999998,2.3621249999999994,True,True,True,0.9937547475518531,147,False
util-20260322T181903Z-4a24a878,Carbon Optimization - CAISO_SANBERNARDINO,CAISO_SANBERNARDINO,2026-03-22 21:55:00 PDT,2026-03-23 05:50:00 PDT,2026-03-23 04:55:00 UTC,2026-03-23 12:50:00 UTC,8.0,984.015625,0.03091838270833334,0.07420411849999997,0.0,0.07420411849999997,2.361637499999999,True,True,True,0.9935115232204393,146,False
util-20260322T181903Z-4a24a878,Carbon Optimization - CAISO_SANBERNARDINO,CAISO_SANBERNARDINO,2026-03-22 22:00:00 PDT,2026-03-23 05:55:00 PDT,2026-03-23 05:00:00 UTC,2026-03-23 12:55:00 UTC,8.0,983.8125,0.030836623750000004,0.07400789699999998,0.0,0.07400789699999998,2.3611499999999994,True,True,True,0.9932682988890257,145,False
util-20260322T181903Z-4a24a878,Carbon Optimization - CAISO_SANBERNARDINO,CAISO_SANBERNARDINO,2026-03-22 22:05:00 PDT,2026-03-23 06:00:00 PDT,2026-03-23 05:05:00 UTC,2026-03-23 13:00:00 UTC,8.0,983.6072916666667,0.03080309927083334,0.07392743824999998,0.0,0.07392743824999998,2.3606575,True,True,True,0.9930225799490848,144,False
util-20260322T181903Z-4a24a878,Carbon Optimization - CAISO_SANBERNARDINO,CAISO_SANBERNARDINO,2026-03-22 22:10:00 PDT,2026-03-23 06:05:00 PDT,2026-03-23 05:10:00 UTC,2026-03-23 13:05:00 UTC,8.0,983.4020833333334,0.03076957479166667,0.07384697949999998,0.0,0.07384697949999998,2.3601649999999994,True,True,True,0.9927768610091435,143,False
util-20260322T181903Z-4a24a878,Carbon Optimization - CAISO_SANBERNARDINO,CAISO_SANBERNARDINO,2026-03-22 22:15:00 PDT,2026-03-23 06:10:00 PDT,2026-03-23 05:15:00 UTC,2026-03-23 13:10:00 UTC,8.0,983.1968750000001,0.030736050312500002,0.07376652074999998,0.0,0.07376652074999998,2.3596725,True,True,True,0.9925311420692028,142,False
util-20260322T181903Z-4a24a878,Carbon Optimization - CAISO_SANBERNARDINO,CAISO_SANBERNARDINO,2026-03-22 22:20:00 PDT,2026-03-23 06:15:00 PDT,2026-03-23 05:20:00 UTC,2026-03-23 13:15:00 UTC,8.0,982.9916666666668,0.030702525833333338,0.07368606199999998,0.0,0.07368606199999998,2.3591799999999994,True,True,True,0.9922854231292615,141,False
util-20260322T181903Z-4a24a878,Carbon Optimization - CAISO_SANBERNARDINO,CAISO_SANBERNARDINO,2026-03-22 22:25:00 PDT,2026-03-23 06:20:00 PDT,2026-03-23 05:25:00 UTC,2026-03-23 13:20:00 UTC,8.0,982.7864583333334,0.03066900135416667,0.07360560324999998,0.0,0.07360560324999998,2.3586874999999994,True,True,True,0.9920397041893204,140,False
util-20260322T181903Z-4a24a878,Carbon Optimization - CAISO_SANBERNARDINO,CAISO_SANBERNARDINO,2026-03-22 22:30:00 PDT,2026-03-23 06:25:00 PDT,2026-03-23 05:30:00 UTC,2026-03-23 13:25:00 UTC,8.0,982.5812500000001,0.030635476875,0.07352514449999997,0.0,0.07352514449999997,2.358195,True,True,True,0.9917939852493796,139,False
util-20260322T181903Z-4a24a878,Carbon Optimization - CAISO_SANBERNARDINO,CAISO_SANBERNARDINO,2026-03-22 22:35:00 PDT,2026-03-23 06:30:00 PDT,2026-03-23 05:35:00 UTC,2026-03-23 13:30:00 UTC,8.0,982.3760416666668,0.030601952395833337,0.07344468574999999,0.0,0.07344468574999999,2.3577024999999994,True,True,True,0.9915482663094383,138,False
util-20260322T181903Z-4a24a878,Carbon Optimization - CAISO_SANBERNARDINO,CAISO_SANBERNARDINO,2026-03-22 22:40:00 PDT,2026-03-23 06:35:00 PDT,2026-03-23 05:40:00 UTC,2026-03-23 13:35:00 UTC,8.0,982.1708333333332,0.03056842791666667,0.07336422699999998,0.0,0.07336422699999998,2.3572099999999994,True,True,True,0.9913025473694973,137,False
util-20260322T181903Z-4a24a878,Carbon Optimization - CAISO_SANBERNARDINO,CAISO_SANBERNARDINO,2026-03-22 22:45:00 PDT,2026-03-23 06:40:00 PDT,2026-03-23 05:45:00 UTC,2026-03-23 13:40:00 UTC,8.0,981.9656249999999,0.0305349034375,0.07328376824999996,0.0,0.07328376824999996,2.3567175,True,True,True,0.9910568284295564,136,False
util-20260322T181903Z-4a24a878,Carbon Optimization - CAISO_SANBERNARDINO,CAISO_SANBERNARDINO,2026-03-22 22:50:00 PDT,2026-03-23 06:45:00 PDT,2026-03-23 05:50:00 UTC,2026-03-23 13:45:00 UTC,8.0,981.7604166666666,0.030501378958333335,0.07320330949999998,0.0,0.07320330949999998,2.3562249999999993,True,True,True,0.9908111094896151,135,False
util-20260322T181903Z-4a24a878,Carbon Optimization - CAISO_SANBERNARDINO,CAISO_SANBERNARDINO,2026-03-22 22:55:00 PDT,2026-03-23 06:50:00 PDT,2026-03-23 05:55:00 UTC,2026-03-23 13:50:00 UTC,8.0,981.5552083333332,0.030467854479166667,0.07312285074999997,0.0,0.07312285074999997,2.3557325,True,True,True,0.9905653905496743,134,False
util-20260322T181903Z-4a24a878,Carbon Optimization - CAISO_SANBERNARDINO,CAISO_SANBERNARDINO,2026-03-22 23:00:00 PDT,2026-03-23 06:55:00 PDT,2026-03-23 06:00:00 UTC,2026-03-23 13:55:00 UTC,8.0,981.3499999999999,0.030434330000000006,0.07304239199999997,0.0,0.07304239199999997,2.35524,True,True,True,0.9903196716097332,133,False
util-20260322T181903Z-4a24a878,Carbon Optimization - CAISO_SANBERNARDINO,CAISO_SANBERNARDINO,2026-03-22 23:05:00 PDT,2026-03-23 07:00:00 PDT,2026-03-23 06:05:00 UTC,2026-03-23 14:00:00 UTC,8.0,981.228125,0.030434330000000006,0.07304239199999997,0.0,0.07304239199999997,2.3549474999999993,True,True,True,0.9901737370108847,132,False
util-20260322T181903Z-4a24a878,Carbon Optimization - CAISO_SANBERNARDINO,CAISO_SANBERNARDINO,2026-03-22 23:10:00 PDT,2026-03-23 07:05:00 PDT,2026-03-23 06:10:00 UTC,2026-03-23 14:05:00 UTC,8.0,981.1062499999998,0.030434330000000006,0.07304239199999997,0.0,0.07304239199999997,2.3546549999999997,True,True,True,0.9900278024120367,131,False
util-20260322T181903Z-4a24a878,Carbon Optimization - CAISO_SANBERNARDINO,CAISO_SANBERNARDINO,2026-03-22 23:15:00 PDT,2026-03-23 07:10:00 PDT,2026-03-23 06:15:00 UTC,2026-03-23 14:10:00 UTC,8.0,980.9843749999999,0.030434330000000006,0.07304239199999997,0.0,0.07304239199999997,2.3543624999999992,True,True,True,0.9898818678131883,130,False
util-20260322T181903Z-4a24a878,Carbon Optimization - CAISO_SANBERNARDINO,CAISO_SANBERNARDINO,2026-03-22 23:20:00 PDT,2026-03-23 07:15:00 PDT,2026-03-23 06:20:00 UTC,2026-03-23 14:15:00 UTC,8.0,980.8624999999998,0.030434330000000006,0.07304239199999997,0.0,0.07304239199999997,2.3540699999999997,True,True,True,0.9897359332143403,129,False
util-20260322T181903Z-4a24a878,Carbon Optimization - CAISO_SANBERNARDINO,CAISO_SANBERNARDINO,2026-03-22 23:25:00 PDT,2026-03-23 07:20:00 PDT,2026-03-23 06:25:00 UTC,2026-03-23 14:20:00 UTC,8.0,980.7406249999999,0.030434330000000006,0.07304239199999997,0.0,0.07304239199999997,2.353777499999999,True,True,True,0.9895899986154918,128,False
util-20260322T181903Z-4a24a878,Carbon Optimization - CAISO_SANBERNARDINO,CAISO_SANBERNARDINO,2026-03-22 23:30:00 PDT,2026-03-23 07:25:00 PDT,2026-03-23 06:30:00 UTC,2026-03-23 14:25:00 UTC,8.0,980.61875,0.030434330000000006,0.07304239199999997,0.0,0.07304239199999997,2.3534849999999996,True,True,True,0.9894440640166438,127,False
util-20260322T181903Z-4a24a878,Carbon Optimization - CAISO_SANBERNARDINO,CAISO_SANBERNARDINO,2026-03-22 23:35:00 PDT,2026-03-23 07:30:00 PDT,2026-03-23 06:35:00 UTC,2026-03-23 14:30:00 UTC,8.0,980.4968749999998,0.030434330000000006,0.07304239199999997,0.0,0.07304239199999997,2.3531924999999996,True,True,True,0.9892981294177955,126,False
util-20260322T181903Z-4a24a878,Carbon Optimization - CAISO_SANBERNARDINO,CAISO_SANBERNARDINO,2026-03-22 23:40:00 PDT,2026-03-23 07:35:00 PDT,2026-03-23 06:40:00 UTC,2026-03-23 14:35:00 UTC,8.0,980.3749999999999,0.030434330000000006,0.07304239199999997,0.0,0.07304239199999997,2.3528999999999995,True,True,True,0.9891521948189472,125,False
util-20260322T181903Z-4a24a878,Carbon Optimization - CAISO_SANBERNARDINO,CAISO_SANBERNARDINO,2026-03-22 23:45:00 PDT,2026-03-23 07:40:00 PDT,2026-03-23 06:45:00 UTC,2026-03-23 14:40:00 UTC,8.0,980.2531249999998,0.030434330000000006,0.07304239199999997,0.0,0.07304239199999997,2.3526074999999995,True,True,True,0.989006260220099,124,False
util-20260322T181903Z-4a24a878,Carbon Optimization - CAISO_SANBERNARDINO,CAISO_SANBERNARDINO,2026-03-22 23:50:00 PDT,2026-03-23 07:45:00 PDT,2026-03-23 06:50:00 UTC,2026-03-23 14:45:00 UTC,8.0,980.1312499999998,0.030434330000000006,0.07304239199999997,0.0,0.07304239199999997,2.3523149999999995,True,True,True,0.9888603256212507,123,False
util-20260322T181903Z-4a24a878,Carbon Optimization - CAISO_SANBERNARDINO,CAISO_SANBERNARDINO,2026-03-22 23:55:00 PDT,2026-03-23 07:50:00 PDT,2026-03-23 06:55:00 UTC,2026-03-23 14:50:00 UTC,8.0,980.0093749999997,0.030434330000000006,0.07304239199999997,0.0,0.07304239199999997,2.3520225,True,True,True,0.9887143910224027,122,False
util-20260322T181903Z-4a24a878,Carbon Optimization - CAISO_SANBERNARDINO,CAISO_SANBERNARDINO,2026-03-23 00:00:00 PDT,2026-03-23 07:55:00 PDT,2026-03-23 07:00:00 UTC,2026-03-23 14:55:00 UTC,8.0,969.6291666666665,0.030434330000000006,0.07304239199999997,0.0,0.07304239199999997,2.32711,True,True,True,0.976285004035029,120,False
util-20260322T181903Z-4a24a878,Carbon Optimization - CAISO_SANBERNARDINO,CAISO_SANBERNARDINO,2026-03-23 00:05:00 PDT,2026-03-23 08:00:00 PDT,2026-03-23 07:05:00 UTC,2026-03-23 15:00:00 UTC,8.0,959.4312499999997,0.030434330000000006,0.07304239199999997,0.0,0.07304239199999997,2.302634999999999,True,True,True,0.9640738952937957,118,False
util-20260322T181903Z-4a24a878,Carbon Optimization - CAISO_SANBERNARDINO,CAISO_SANBERNARDINO,2026-03-23 00:10:00 PDT,2026-03-23 08:05:00 PDT,2026-03-23 07:10:00 UTC,2026-03-23 15:05:00 UTC,8.0,949.2333333333331,0.030434330000000006,0.07304239199999997,0.0,0.07304239199999997,2.2781599999999997,True,True,True,0.9518627865525631,116,False
util-20260322T181903Z-4a24a878,Carbon Optimization - CAISO_SANBERNARDINO,CAISO_SANBERNARDINO,2026-03-23 00:15:00 PDT,2026-03-23 08:10:00 PDT,2026-03-23 07:15:00 UTC,2026-03-23 15:10:00 UTC,8.0,939.0354166666665,0.030434330000000006,0.07304239199999997,0.0,0.07304239199999997,2.2536849999999995,True,True,True,0.93965167781133,114,False
util-20260322T181903Z-4a24a878,Carbon Optimization - CAISO_SANBERNARDINO,CAISO_SANBERNARDINO,2026-03-23 00:20:00 PDT,2026-03-23 08:15:00 PDT,2026-03-23 07:20:00 UTC,2026-03-23 15:15:00 UTC,8.0,928.8374999999997,0.030434330000000006,0.07304239199999997,0.0,0.07304239199999997,2.2292099999999997,True,True,True,0.927440569070097,112,False
util-20260322T181903Z-4a24a878,Carbon Optimization - CAISO_SANBERNARDINO,CAISO_SANBERNARDINO,2026-03-23 00:25:00 PDT,2026-03-23 08:20:00 PDT,2026-03-23 07:25:00 UTC,2026-03-23 15:20:00 UTC,8.0,918.6395833333331,0.030434330000000006,0.07304239199999997,0.0,0.07304239199999997,2.204735,True,True,True,0.9152294603288641,110,False
util-20260322T181903Z-4a24a878,Carbon Optimization - CAISO_SANBERNARDINO,CAISO_SANBERNARDINO,2026-03-23 00:30:00 PDT,2026-03-23 08:25:00 PDT,2026-03-23 07:30:00 UTC,2026-03-23 15:25:00 UTC,8.0,908.4416666666665,0.030434330000000006,0.07304239199999997,0.0,0.07304239199999997,2.180259999999999,True,True,True,0.9030183515876308,108,False
util-20260322T181903Z-4a24a878,Carbon Optimization - CAISO_SANBERNARDINO,CAISO_SANBERNARDINO,2026-03-23 00:35:00 PDT,2026-03-23 08:30:00 PDT,2026-03-23 07:35:00 UTC,2026-03-23 15:30:00 UTC,8.0,898.2437499999997,0.030434330000000006,0.07304239199999997,0.0,0.07304239199999997,2.155785,True,True,True,0.890807242846398,106,False
util-20260322T181903Z-4a24a878,Carbon Optimization - CAISO_SANBERNARDINO,CAISO_SANBERNARDINO,2026-03-23 00:40:00 PDT,2026-03-23 08:35:00 PDT,2026-03-23 07:40:00 UTC,2026-03-23 15:35:00 UTC,8.0,888.0458333333331,0.030434330000000006,0.07304239199999997,0.0,0.07304239199999997,2.1313099999999996,True,True,True,0.8785961341051649,104,False
util-20260322T181903Z-4a24a878,Carbon Optimization - CAISO_SANBERNARDINO,CAISO_SANBERNARDINO,2026-03-23 00:45:00 PDT,2026-03-23 08:40:00 PDT,2026-03-23 07:45:00 UTC,2026-03-23 15:40:00 UTC,8.0,877.8479166666666,0.030434330000000006,0.07304239199999997,0.0,0.07304239199999997,2.106835,True,True,True,0.866385025363932,102,False
util-20260322T181903Z-4a24a878,Carbon Optimization - CAISO_SANBERNARDINO,CAISO_SANBERNARDINO,2026-03-23 00:50:00 PDT,2026-03-23 08:45:00 PDT,2026-03-23 07:50:00 UTC,2026-03-23 15:45:00 UTC,8.0,867.65,0.030434330000000006,0.07304239199999997,0.0,0.07304239199999997,2.0823599999999995,True,True,True,0.8541739166226989,100,False
util-20260322T181903Z-4a24a878,Carbon Optimization - CAISO_SANBERNARDINO,CAISO_SANBERNARDINO,2026-03-23 00:55:00 PDT,2026-03-23 08:50:00 PDT,2026-03-23 07:55:00 UTC,2026-03-23 15:50:00 UTC,8.0,857.4520833333332,0.030434330000000006,0.07304239199999997,0.0,0.07304239199999997,2.0578849999999997,True,True,True,0.8419628078814659,98,False
util-20260322T181903Z-4a24a878,Carbon Optimization - CAISO_SANBERNARDINO,CAISO_SANBERNARDINO,2026-03-23 01:00:00 PDT,2026-03-23 08:55:00 PDT,2026-03-23 08:00:00 UTC,2026-03-23 15:55:00 UTC,8.0,847.2541666666666,0.030434330000000006,0.07304239199999997,0.0,0.07304239199999997,2.0334099999999995,True,True,True,0.8297516991402328,96,False
util-20260322T181903Z-4a24a878,Carbon Optimization - CAISO_SANBERNARDINO,CAISO_SANBERNARDINO,2026-03-23 01:05:00 PDT,2026-03-23 09:00:00 PDT,2026-03-23 08:05:00 UTC,2026-03-23 16:00:00 UTC,8.0,837.05625,0.030434330000000006,0.07304239199999997,0.0,0.07304239199999997,2.0089349999999997,True,True,True,0.817540590399,94,False
util-20260322T181903Z-4a24a878,Carbon Optimization - CAISO_SANBERNARDINO,CAISO_SANBERNARDINO,2026-03-23 01:10:00 PDT,2026-03-23 09:05:00 PDT,2026-03-23 08:10:00 UTC,2026-03-23 16:05:00 UTC,8.0,826.8583333333332,0.030434330000000006,0.07304239199999997,0.0,0.07304239199999997,1.98446,True,True,True,0.805329481657767,92,False
util-20260322T181903Z-4a24a878,Carbon Optimization - CAISO_SANBERNARDINO,CAISO_SANBERNARDINO,2026-03-23 01:15:00 PDT,2026-03-23 09:10:00 PDT,2026-03-23 08:15:00 UTC,2026-03-23 16:10:00 UTC,8.0,816.6604166666666,0.030434330000000006,0.07304239199999997,0.0,0.07304239199999997,1.9599849999999999,True,True,True,0.793118372916534,90,False
util-20260322T181903Z-4a24a878,Carbon Optimization - CAISO_SANBERNARDINO,CAISO_SANBERNARDINO,2026-03-23 01:20:00 PDT,2026-03-23 09:15:00 PDT,2026-03-23 08:20:00 UTC,2026-03-23 16:15:00 UTC,8.0,806.4625,0.030434330000000006,0.07304239199999997,0.0,0.07304239199999997,1.9355099999999998,True,True,True,0.780907264175301,88,False
util-20260322T181903Z-4a24a878,Carbon Optimization - CAISO_SANBERNARDINO,CAISO_SANBERNARDINO,2026-03-23 01:25:00 PDT,2026-03-23 09:20:00 PDT,2026-03-23 08:25:00 UTC,2026-03-23 16:20:00 UTC,8.0,796.2645833333332,0.030434330000000006,0.07304239199999997,0.0,0.07304239199999997,1.9110349999999998,True,True,True,0.768696155434068,86,False
util-20260322T181903Z-4a24a878,Carbon Optimization - CAISO_SANBERNARDINO,CAISO_SANBERNARDINO,2026-03-23 01:30:00 PDT,2026-03-23 09:25:00 PDT,2026-03-23 08:30:00 UTC,2026-03-23 16:25:00 UTC,8.0,786.0666666666666,0.030434330000000006,0.07304239199999997,0.0,0.07304239199999997,1.88656,True,True,True,0.756485046692835,84,False
util-20260322T181903Z-4a24a878,Carbon Optimization - CAISO_SANBERNARDINO,CAISO_SANBERNARDINO,2026-03-23 01:35:00 PDT,2026-03-23 09:30:00 PDT,2026-03-23 08:35:00 UTC,2026-03-23 16:30:00 UTC,8.0,775.86875,0.030434330000000006,0.07304239199999997,0.0,0.07304239199999997,1.862085,True,True,True,0.744273937951602,82,False
util-20260322T181903Z-4a24a878,Carbon Optimization - CAISO_SANBERNARDINO,CAISO_SANBERNARDINO,2026-03-23 01:40:00 PDT,2026-03-23 09:35:00 PDT,2026-03-23 08:40:00 UTC,2026-03-23 16:35:00 UTC,8.0,765.6708333333332,0.030434330000000006,0.07304239199999997,0.0,0.07304239199999997,1.83761,True,True,True,0.732062829210369,80,False
util-20260322T181903Z-4a24a878,Carbon Optimization - CAISO_SANBERNARDINO,CAISO_SANBERNARDINO,2026-03-23 01:45:00 PDT,2026-03-23 09:40:00 PDT,2026-03-23 08:45:00 UTC,2026-03-23 16:40:00 UTC,8.0,755.4729166666666,0.030434330000000006,0.07304239199999997,0.0,0.07304239199999997,1.813135,True,True,True,0.7198517204691359,78,False
util-20260322T181903Z-4a24a878,Carbon Optimization - CAISO_SANBERNARDINO,CAISO_SANBERNARDINO,2026-03-23 01:50:00 PDT,2026-03-23 09:45:00 PDT,2026-03-23 08:50:00 UTC,2026-03-23 16:45:00 UTC,8.0,745.275,0.030434330000000006,0.07304239199999997,0.0,0.07304239199999997,1.78866,True,True,True,0.7076406117279029,76,False
util-20260322T181903Z-4a24a878,Carbon Optimization - CAISO_SANBERNARDINO,CAISO_SANBERNARDINO,2026-03-23 01:55:00 PDT,2026-03-23 09:50:00 PDT,2026-03-23 08:55:00 UTC,2026-03-23 16:50:00 UTC,8.0,735.0770833333332,0.030434330000000006,0.07304239199999997,0.0,0.07304239199999997,1.764185,True,True,True,0.69542950298667,74,False
util-20260322T181903Z-4a24a878,Carbon Optimization - CAISO_SANBERNARDINO,CAISO_SANBERNARDINO,2026-03-23 02:00:00 PDT,2026-03-23 09:55:00 PDT,2026-03-23 09:00:00 UTC,2026-03-23 16:55:00 UTC,8.0,724.8791666666666,0.030434330000000006,0.07304239199999997,0.0,0.07304239199999997,1.73971,True,True,True,0.6832183942454371,72,False
util-20260322T181903Z-4a24a878,Carbon Optimization - CAISO_SANBERNARDINO,CAISO_SANBERNARDINO,2026-03-23 02:05:00 PDT,2026-03-23 10:00:00 PDT,2026-03-23 09:05:00 UTC,2026-03-23 17:00:00 UTC,8.0,714.6885416666668,0.030434330000000006,0.07304239199999997,0.0,0.07304239199999997,1.7152525,True,True,True,0.6710160166340496,70,False
util-20260322T181903Z-4a24a878,Carbon Optimization - CAISO_SANBERNARDINO,CAISO_SANBERNARDINO,2026-03-23 02:10:00 PDT,2026-03-23 10:05:00 PDT,2026-03-23 09:10:00 UTC,2026-03-23 17:05:00 UTC,8.0,704.4979166666667,0.030434330000000006,0.07304239199999997,0.0,0.07304239199999997,1.6907949999999998,True,True,True,0.6588136390226621,68,False
util-20260322T181903Z-4a24a878,Carbon Optimization - CAISO_SANBERNARDINO,CAISO_SANBERNARDINO,2026-03-23 02:15:00 PDT,2026-03-23 10:10:00 PDT,2026-03-23 09:15:00 UTC,2026-03-23 17:10:00 UTC,8.0,694.3072916666666,0.030434330000000006,0.07304239199999997,0.0,0.07304239199999997,1.6663374999999998,True,True,True,0.6466112614112747,66,False
util-20260322T181903Z-4a24a878,Carbon Optimization - CAISO_SANBERNARDINO,CAISO_SANBERNARDINO,2026-03-23 02:20:00 PDT,2026-03-23 10:15:00 PDT,2026-03-23 09:20:00 UTC,2026-03-23 17:15:00 UTC,8.0,684.1166666666668,0.030434330000000006,0.07304239199999997,0.0,0.07304239199999997,1.6418799999999998,True,True,True,0.6344088837998874,64,False
util-20260322T181903Z-4a24a878,Carbon Optimization - CAISO_SANBERNARDINO,CAISO_SANBERNARDINO,2026-03-23 02:25:00 PDT,2026-03-23 10:20:00 PDT,2026-03-23 09:25:00 UTC,2026-03-23 17:20:00 UTC,8.0,673.9260416666667,0.030434330000000006,0.07304239199999997,0.0,0.07304239199999997,1.6174225,True,True,True,0.6222065061885,62,False
util-20260322T181903Z-4a24a878,Carbon Optimization - CAISO_SANBERNARDINO,CAISO_SANBERNARDINO,2026-03-23 02:30:00 PDT,2026-03-23 10:25:00 PDT,2026-03-23 09:30:00 UTC,2026-03-23 17:25:00 UTC,8.0,663.7354166666668,0.030434330000000006,0.07304239199999997,0.0,0.07304239199999997,1.5929649999999997,True,True,True,0.6100041285771125,60,False
util-20260322T181903Z-4a24a878,Carbon Optimization - CAISO_SANBERNARDINO,CAISO_SANBERNARDINO,2026-03-23 02:35:00 PDT,2026-03-23 10:30:00 PDT,2026-03-23 09:35:00 UTC,2026-03-23 17:30:00 UTC,8.0,653.5447916666667,0.030434330000000006,0.07304239199999997,0.0,0.07304239199999997,1.5685075,True,True,True,0.5978017509657252,58,False
util-20260322T181903Z-4a24a878,Carbon Optimization - CAISO_SANBERNARDINO,CAISO_SANBERNARDINO,2026-03-23 02:40:00 PDT,2026-03-23 10:35:00 PDT,2026-03-23 09:40:00 UTC,2026-03-23 17:35:00 UTC,8.0,643.3541666666666,0.030434330000000006,0.07304239199999997,0.0,0.07304239199999997,1.5440499999999997,True,True,True,0.5855993733543378,56,False
util-20260322T181903Z-4a24a878,Carbon Optimization - CAISO_SANBERNARDINO,CAISO_SANBERNARDINO,2026-03-23 02:45:00 PDT,2026-03-23 10:40:00 PDT,2026-03-23 09:45:00 UTC,2026-03-23 17:40:00 UTC,8.0,633.1635416666667,0.030434330000000006,0.07304239199999997,0.0,0.07304239199999997,1.5195924999999997,True,True,True,0.5733969957429503,54,False
util-20260322T181903Z-4a24a878,Carbon Optimization - CAISO_SANBERNARDINO,CAISO_SANBERNARDINO,2026-03-23 02:50:00 PDT,2026-03-23 10:45:00 PDT,2026-03-23 09:50:00 UTC,2026-03-23 17:45:00 UTC,8.0,622.9729166666667,0.030434330000000006,0.07304239199999997,0.0,0.07304239199999997,1.4951349999999997,True,True,True,0.5611946181315629,52,False
util-20260322T181903Z-4a24a878,Carbon Optimization - CAISO_SANBERNARDINO,CAISO_SANBERNARDINO,2026-03-23 02:55:00 PDT,2026-03-23 10:50:00 PDT,2026-03-23 09:55:00 UTC,2026-03-23 17:50:00 UTC,8.0,612.7822916666668,0.030434330000000006,0.07304239199999997,0.0,0.07304239199999997,1.4706775,True,True,True,0.5489922405201758,50,False
util-20260322T181903Z-4a24a878,Carbon Optimization - CAISO_SANBERNARDINO,CAISO_SANBERNARDINO,2026-03-23 03:00:00 PDT,2026-03-23 10:55:00 PDT,2026-03-23 10:00:00 UTC,2026-03-23 17:55:00 UTC,8.0,602.5916666666667,0.030434330000000006,0.07304239199999997,0.0,0.07304239199999997,1.4462199999999998,True,True,True,0.5367898629087883,48,False
util-20260322T181903Z-4a24a878,Carbon Optimization - CAISO_SANBERNARDINO,CAISO_SANBERNARDINO,2026-03-23 03:05:00 PDT,2026-03-23 11:00:00 PDT,2026-03-23 10:05:00 UTC,2026-03-23 18:00:00 UTC,8.0,592.3937500000001,0.030434330000000006,0.07304239199999997,0.0,0.07304239199999997,1.4217449999999998,True,True,True,0.5245787541675552,46,False
util-20260322T181903Z-4a24a878,Carbon Optimization - CAISO_SANBERNARDINO,CAISO_SANBERNARDINO,2026-03-23 03:10:00 PDT,2026-03-23 11:05:00 PDT,2026-03-23 10:10:00 UTC,2026-03-23 18:05:00 UTC,8.0,582.1958333333333,0.030434330000000006,0.07304239199999997,0.0,0.07304239199999997,1.39727,True,True,True,0.5123676454263223,44,False
util-20260322T181903Z-4a24a878,Carbon Optimization - CAISO_SANBERNARDINO,CAISO_SANBERNARDINO,2026-03-23 03:15:00 PDT,2026-03-23 11:10:00 PDT,2026-03-23 10:15:00 UTC,2026-03-23 18:10:00 UTC,8.0,571.9979166666667,0.030434330000000006,0.07304239199999997,0.0,0.07304239199999997,1.372795,True,True,True,0.5001565366850893,42,False
